Workbook

Sheet deutsch
A1: Variablencode | B1: (abgeleitet von) Frage(n) aus Haushaltsfragebogen ( HH ) / Personenfragebogen ( IND ) | C1: Variablenname | D1: Ausprägungen | F1: Wer bekommt die Frage gestellt / Filter | G1: Merkmal auf Hauhalts- / Personenebene
A2: HID | C2: Eindeutige Haushaltskennung | D2: 10001-12291 | F2: Alle | G2: Haushalt
A3: PID | C3: Personenkennung | D3: 1-7 | F3: Alle | G3: Personen
A4: TIME_PERIOD | C4: HETUS-Welle | D4: 2020 | F4: Alle
A5: REF_AREA | C5: Land, das Daten erhebt | D5: AT | F5: Alle
A6: IND1 | B6: F2 (HH) | C6: Geschlecht | D6: 1 | E6: männlich | F6: Alle | G6: Personen
D7: 2 | E7: weiblich
A8: IND2 | B8: F2 (HH) | C8: Alter in Altergruppen | D8: 21 | E8: 0-2 Jahre | F8: Alle | G8: Personen
D9: 22 | E9: 3-5 Jahre
D10: 23 | E10: 6 Jahre
D11: 24 | E11: 7-9 Jahre
A12: IND3 | B12: F33 (IND) | C12: Geburtsland | D12: 1 | E12: Österreich | F12: Alle | G12: Personen
D13: 2 | E13: EU 14 außer Österreich
D14: 3 | E14: Die 13 restlichen EU Staaten
D15: 4 | E15: Ex-Jugoslawien außer Slowenien und Kroatien
D16: 5 | E16: Türkei
D17: 6 | E17: alle anderen
A18: IND4 | B18: F32 (IND) | C18: Staatsbürgerschaft | D18: 1 | E18: Österreich | F18: Alle | G18: Personen
D19: 2 | E19: EU 14 außer Österreich
D20: 3 | E20: Die 13 restlichen EU Staaten
D21: 4 | E21: Ex-Jugoslawien außer Slowenien und Kroatien
D22: 5 | E22: Türkei
D23: 6 | E23: alle anderen
A24: IND3_1 | B24: F34 (IND) | C24: Geburtsland des Vaters | D24: 1 | E24: Österreich | F24: Alle | G24: Personen
D25: 2 | E25: EU 14 außer Österreich
D26: 3 | E26: Die 13 restlichen EU Staaten
D27: 4 | E27: Ex-Jugoslawien außer Slowenien und Kroatien
D28: 5 | E28: Türkei
D29: 6 | E29: alle anderen
A30: IND3_2 | B30: F35 (IND) | C30: Geburtsland der Mutter | D30: 1 | E30: Österreich | F30: Alle | G30: Personen
D31: 2 | E31: EU 14 außer Österreich
D32: 3 | E32: Die 13 restlichen EU Staaten
D33: 4 | E33: Ex-Jugoslawien außer Slowenien und Kroatien
D34: 5 | E34: Türkei
D35: 6 | E35: alle anderen
A36: IND31 | B36: F36 (IND) | C36: Besuch von Krippe? | D36: 1 | E36: Ja | F36: Alter <= 3 | G36: Personen
D37: 2 | E37: Nein
D38: -1 | E38: Filter
A39: IND32 | B39: F39 (IND) | C39: Besuch von Kindergarten? | D39: 1 | E39: Ja | F39: Alter >=2 und <=6 sowie IND31 = 2, -1 | G39: Personen
D40: 2 | E40: Nein
D41: -1 | E41: Filter
A42: IND33 | B42: F42 (IND) | C42: Besuch von Vorschule? | D42: 1 | E42: Ja | F42: Alter = 6 und IND32 = 2, -1 | G42: Personen
D43: 2 | E43: Nein
D44: -1 | E44: Filter
A45: IND34 | B45: F45 (IND) | C45: Welche Schule wird besucht? | D45: 1 | E45: Volksschule | F45: Alter >= 6 und <=14 sowie IND32 = 2, -1 und IND33 = 2, -1 | G45: Personen
D46: 2 | E46: Hauptschule
D47: 3 | E47: Mittelschule
D48: 4 | E48: AHS - Allgemeinbildende höhere Schule
D49: 5 | E49: Polytechnische Schule
D50: 6 | E50: BMS - Berfusbildende mittlere Schule
D51: 7 | E51: BHS - Berufsbildende höhere Schule
D52: 8 | E52: Sonderschule
D53: 9 | E53: Nicht Schulpflichtig
D54: -1 | E54: Filter
A55: IND35 | B55: F48 (IND) | C55: Besuch von Hort? | D55: 1 | E55: Ja | F55: IND34 = 1,2,3,4,8 (und Alter <= 12) | G55: Personen
D56: 2 | E56: Nein
D57: -1 | E57: Filter
A58: IND36 | B58: F51 (IND) | C58: Betreuung durch Großeltern etc.? | D58: 1 | E58: Ja | F58: Alle (Alter <=12) | G58: Personen
D59: 2 | E59: Nein
A60: IND37 | B60: F53 (IND) | C60: Betreuung durch Babysitter:innen? | D60: 1 | E60: Ja | F60: Alle (Alter <=12) | G60: Personen
D61: 2 | E61: Nein
A62: IND38 | B62: F55 (IND) | C62: Betreuung durch Tagesmutter/tTagesvater? | D62: 1 | E62: Ja | F62: Alle (Alter <=12) | G62: Personen
D63: 2 | E63: Nein
A64: IND31_E | B64: F37 (IND) | C64: Krippe: öffentliche oder private Einrichtung | D64: 1 | E64: privat | F64: IND31 = 1 | G64: Personen
D65: 2 | E65: öfentlich
D66: -1 | E66: filter
A67: IND32_E | B67: F40 (IND) | C67: Kindergarten: öffentliche oder private Einrichtung | D67: 1 | E67: privat | F67: IND32 =1 | G67: Personen
D68: 2 | E68: öfentlich
D69: -1 | E69: filter
A70: IND33_E | B70: F43 (IND) | C70: Vorschule: öffentliche oder private Einrichtung | D70: 1 | E70: privat | F70: IND33 = 1 | G70: Personen
D71: 2 | E71: öfentlich
D72: -1 | E72: filter
A73: IND34_E | B73: F46 (IND) | C73: Schule: öffentliche oder private Einrichtung | D73: 1 | E73: privat | F73: IND34 = 1,2,3,4,5,6,7,8 | G73: Personen
D74: 2 | E74: öfentlich
D75: -1 | E75: filter
A76: IND35_E | B76: F49 (IND) | C76: Hort: öffentliche oder private Einrichtung | D76: 1 | E76: privat | F76: IND35 = 1 | G76: Personen
D77: 2 | E77: öfentlich
D78: -1 | E78: filter
A79: IND31_H | B79: F38 (IND) | C79: Wieviele Stunden pro Woche wird die Krippe besucht? | D79: 0-46 | E79: Stundenanzahl | F79: IND31 = 1 | G79: Personen
D80: -1 | E80: Filter
A81: IND32_H | B81: F41 (IND) | C81: Wieviele Stunden pro Woche wird der Kindergarten besucht? | D81: 0-50 | E81: Stundenanzahl | F81: IND32 = 1 | G81: Personen
D82: -1 | E82: Filter
A83: IND33_H | B83: F44 (IND) | C83: Wieviele Stunden pro Woche wird die Vorschule besucht? | D83: 0-25 | E83: Stundenanzahl | F83: IND33 = 1 | G83: Personen
D84: -1 | E84: Filter
A85: IND34_H | B85: F47 (IND) | C85: Wieviele Stunden pro Woche wird die Schule besucht? | D85: 0-38 | E85: Stundenanzahl | F85: IND34 = 1,2,3,4,5,6,7,8 | G85: Personen
D86: -1 | E86: Filter
A87: IND35_H | B87: F50 (IND) | C87: Wieviele Stunden pro Woche wird der Hort besucht? | D87: 0-25 | E87: Stundenanzahl | F87: IND35 = 1 | G87: Personen
D88: -1 | E88: Filter
A89: IND36_H | B89: F52 (IND) | C89: Wieviele Stunden pro Woche von Großerltern, etc. betreut? | D89: 0-96 | E89: Stundenanzahl | F89: IND36 = 1 | G89: Personen
D90: -1 | E90: Filter
A91: IND37_H | B91: F54 (IND) | C91: Wieviele Stunden pro Woche von Tagemutter/Tagesvater betreut? | D91: 0-35 | E91: Stundenanzahl | F91: IND37 = 1 | G91: Personen
D92: -1 | E92: Filter
A93: IND38_H | B93: F56 (IND) | C93: Wieviele Stunden pro Woche von Babysitter:innen betreut? | D93: 0-40 | E93: Stundenanzahl | F93: IND38 = 1 | G93: Personen
D94: -1 | E94: Filter
A95: WGHT2 | B95: WGHT2 | C95: Personen- und Haushaltsgewicht | F95: Alle | G95: Personen und Haushalt
A96: _imp | B96: _imp | C96: Variable wurde imputiert | D96: 1 | E96: Wurde imputiert
D97: 0 | E97: andernfalls

Sheet englisch
A1: =_xlfn.TRANSLATE(deutsch!A1,"de","en") -> Variable code | B1: =_xlfn.TRANSLATE(deutsch!B1,"de","en") -> (derived from) Question(s) from Household Questionnaire ( HH ) / Personal Questionnaire ( IND ) | C1: =_xlfn.TRANSLATE(deutsch!C1,"de","en") -> Variable Name | D1: =_xlfn.TRANSLATE(deutsch!D1,"de","en") -> Characteristics | E1: =_xlfn.TRANSLATE(deutsch!E1,"de","en") | F1: =_xlfn.TRANSLATE(deutsch!F1,"de","en") -> Who gets asked the question / Filter | G1: =_xlfn.TRANSLATE(deutsch!G1,"de","en") -> Household/person-level feature
A2: =_xlfn.TRANSLATE(deutsch!A2,"de","en") -> HID | B2: =_xlfn.TRANSLATE(deutsch!B2,"de","en") | C2: =_xlfn.TRANSLATE(deutsch!C2,"de","en") -> Unique household identifier | D2: =_xlfn.TRANSLATE(deutsch!D2,"de","en") -> 10001-12291 | E2: =_xlfn.TRANSLATE(deutsch!E2,"de","en") | F2: =_xlfn.TRANSLATE(deutsch!F2,"de","en") -> All | G2: =_xlfn.TRANSLATE(deutsch!G2,"de","en") -> Household
A3: =_xlfn.TRANSLATE(deutsch!A3,"de","en") -> PGD | B3: =_xlfn.TRANSLATE(deutsch!B3,"de","en") | C3: =_xlfn.TRANSLATE(deutsch!C3,"de","en") -> Personal ID | D3: =_xlfn.TRANSLATE(deutsch!D3,"de","en") -> 1-7 | E3: =_xlfn.TRANSLATE(deutsch!E3,"de","en") | F3: =_xlfn.TRANSLATE(deutsch!F3,"de","en") -> All | G3: =_xlfn.TRANSLATE(deutsch!G3,"de","en") -> People
A4: =_xlfn.TRANSLATE(deutsch!A4,"de","en") -> TIME_PERIOD | B4: =_xlfn.TRANSLATE(deutsch!B4,"de","en") | C4: =_xlfn.TRANSLATE(deutsch!C4,"de","en") -> HETUS Wave | D4: =_xlfn.TRANSLATE(deutsch!D4,"de","en") -> 2020 | E4: =_xlfn.TRANSLATE(deutsch!E4,"de","en") | F4: =_xlfn.TRANSLATE(deutsch!F4,"de","en") -> All | G4: =_xlfn.TRANSLATE(deutsch!G4,"de","en")
A5: =_xlfn.TRANSLATE(deutsch!A5,"de","en") -> REF_AREA | B5: =_xlfn.TRANSLATE(deutsch!B5,"de","en") | C5: =_xlfn.TRANSLATE(deutsch!C5,"de","en") -> Country that collects data | D5: =_xlfn.TRANSLATE(deutsch!D5,"de","en") -> AT | E5: =_xlfn.TRANSLATE(deutsch!E5,"de","en") | F5: =_xlfn.TRANSLATE(deutsch!F5,"de","en") -> All | G5: =_xlfn.TRANSLATE(deutsch!G5,"de","en")
A6: =_xlfn.TRANSLATE(deutsch!A6,"de","en") -> IND1 | B6: =_xlfn.TRANSLATE(deutsch!B6,"de","en") -> F2 (HH) | C6: =_xlfn.TRANSLATE(deutsch!C6,"de","en") -> Gender | D6: =_xlfn.TRANSLATE(deutsch!D6,"de","en") -> 1 | E6: =_xlfn.TRANSLATE(deutsch!E6,"de","en") -> Male | F6: =_xlfn.TRANSLATE(deutsch!F6,"de","en") -> All | G6: =_xlfn.TRANSLATE(deutsch!G6,"de","en") -> People
A7: =_xlfn.TRANSLATE(deutsch!A7,"de","en") | B7: =_xlfn.TRANSLATE(deutsch!B7,"de","en") | C7: =_xlfn.TRANSLATE(deutsch!C7,"de","en") | D7: =_xlfn.TRANSLATE(deutsch!D7,"de","en") -> 2 | E7: =_xlfn.TRANSLATE(deutsch!E7,"de","en") -> Female | F7: =_xlfn.TRANSLATE(deutsch!F7,"de","en") | G7: =_xlfn.TRANSLATE(deutsch!G7,"de","en")
A8: =_xlfn.TRANSLATE(deutsch!A8,"de","en") -> IND2 | B8: =_xlfn.TRANSLATE(deutsch!B8,"de","en") -> F2 (HH) | C8: =_xlfn.TRANSLATE(deutsch!C8,"de","en") -> Age in age groups | D8: =_xlfn.TRANSLATE(deutsch!D8,"de","en") -> 21 | E8: =_xlfn.TRANSLATE(deutsch!E8,"de","en") -> 0-2 years | F8: =_xlfn.TRANSLATE(deutsch!F8,"de","en") -> All | G8: =_xlfn.TRANSLATE(deutsch!G8,"de","en") -> People
A9: =_xlfn.TRANSLATE(deutsch!A9,"de","en") | B9: =_xlfn.TRANSLATE(deutsch!B9,"de","en") | C9: =_xlfn.TRANSLATE(deutsch!C9,"de","en") | D9: =_xlfn.TRANSLATE(deutsch!D9,"de","en") -> 22 | E9: =_xlfn.TRANSLATE(deutsch!E9,"de","en") -> 3-5 years | F9: =_xlfn.TRANSLATE(deutsch!F9,"de","en") | G9: =_xlfn.TRANSLATE(deutsch!G9,"de","en")
A10: =_xlfn.TRANSLATE(deutsch!A10,"de","en") | B10: =_xlfn.TRANSLATE(deutsch!B10,"de","en") | C10: =_xlfn.TRANSLATE(deutsch!C10,"de","en") | D10: =_xlfn.TRANSLATE(deutsch!D10,"de","en") -> 23 | E10: =_xlfn.TRANSLATE(deutsch!E10,"de","en") -> 6 years | F10: =_xlfn.TRANSLATE(deutsch!F10,"de","en") | G10: =_xlfn.TRANSLATE(deutsch!G10,"de","en")
A11: =_xlfn.TRANSLATE(deutsch!A11,"de","en") | B11: =_xlfn.TRANSLATE(deutsch!B11,"de","en") | C11: =_xlfn.TRANSLATE(deutsch!C11,"de","en") | D11: =_xlfn.TRANSLATE(deutsch!D11,"de","en") -> 24 | E11: =_xlfn.TRANSLATE(deutsch!E11,"de","en") -> 7-9 years | F11: =_xlfn.TRANSLATE(deutsch!F11,"de","en") | G11: =_xlfn.TRANSLATE(deutsch!G11,"de","en")
A12: =_xlfn.TRANSLATE(deutsch!A12,"de","en") -> IND3 | B12: =_xlfn.TRANSLATE(deutsch!B12,"de","en") -> F33 (IND) | C12: =_xlfn.TRANSLATE(deutsch!C12,"de","en") -> Country of birth | D12: =_xlfn.TRANSLATE(deutsch!D12,"de","en") -> 1 | E12: =_xlfn.TRANSLATE(deutsch!E12,"de","en") -> Austria | F12: =_xlfn.TRANSLATE(deutsch!F12,"de","en") -> All | G12: =_xlfn.TRANSLATE(deutsch!G12,"de","en") -> People
... A97: =_xlfn.TRANSLATE(deutsch!A97,"de","en") | B97: =_xlfn.TRANSLATE(deutsch!B97,"de","en") | C97: =_xlfn.TRANSLATE(deutsch!C97,"de","en") | D97: =_xlfn.TRANSLATE(deutsch!D97,"de","en") -> 0 | E97: =_xlfn.TRANSLATE(deutsch!E97,"de","en") -> otherwise | F97: =_xlfn.TRANSLATE(deutsch!F97,"de","en") | G97: =_xlfn.TRANSLATE(deutsch!G97,"de","en")
